<?xml version="1.0" encoding="UTF-8" standalone="no"?>
<Entities>
    <ExtensionPackages>
        <ExtensionPackage dependsOn="" description="" minimumThingWorxVersion="8.3.0" name="Locationtracking" packageVersion="1.0.8" vendor="IoT Centre Lab"></ExtensionPackage>
    </ExtensionPackages>
    <Widgets>
        <Widget name="Locationtracking">
            <UIResources>
                <FileResource description="" file="Locationtracking.ide.js" isDevelopment="true" isRuntime="false" type="JS" />
                <FileResource description="" file="Locationtracking.ide.css" isDevelopment="true" isRuntime="false" type="CSS" />
                <FileResource description="" file="Locationtracking.runtime.js" isDevelopment="false" isRuntime="true" type="JS" />
                <FileResource description="" file="Locationtracking.runtime.css" isDevelopment="false" isRuntime="true" type="CSS" />
                <FileResource description="" file="d3.min.js" isDevelopment="true" isRuntime="true" type="JS" />
                <FileResource description="" file="leaflet-src.js" isDevelopment="true" isRuntime="true" type="JS" />
                <FileResource description="" file="leaflet.css" isDevelopment="true" isRuntime="true" type="CSS" />
                <FileResource description="" file="leaflet-rotate-src.js" isDevelopment="true" isRuntime="true" type="JS" />
                <FileResource description="" file="Leaflet.ImageOverlay.Rotated.js" isDevelopment="true" isRuntime="true" type="JS" />



            </UIResources>
        </Widget>
    </Widgets>
</Entities>